[
    {       
        "discussion": {
            "id": 1,
            "title": "Inheritance",
            "description": "how is inheritance in java achieved",
            "user": {
                "id": 1,
                "firstName": "Daniel",
                "lastName": "Peter"
            },
            "createdDate": "2019 March 18 14:06:20"
        },
        "topic": {
            "id": 1,
            "name": "java"
          
        }
    },
    
    {       
        "discussion": {
            "id": 2,
            "title": "Grid",
            "description": "why cant we use grid.length to get columns",
            "user": {
                "id": 2,
                "firstName":"Prasana",
                "lastName": "Kumar"
                
            },
            
            "createdDate": "2019 March 19 22:06:20"
        },
        "topic": {
            "id": 2,
            "name": "cloud"
          
        }
    },
    {       
        "discussion": {
            "id": 1,
            "title": "Java",
            "description": "can we use another app for java",
            "user": {
                "id": 3,
                "firstName":"Samuel",
                "lastName": "Tursh"
            },
            "createdDate": "2018 December 8 14:06:20"
        },
        "topic": {
            "id": 3,
            "name": "java"
          
        }
    },
    {       
        "discussion": {
            "id": 4,
            "title": "Java",
            "description": "is java pure object oriented ",
            "user": {
                "id": 4,
                "firstName":"Innachi",
                "lastName":"Durai"                
            },
            "createdDate": "2019 February 18 14:06:20"
        },
        "topic": {
            "id": 3,
            "name": "java"
        }
    }
]
